<?xml version="1.0" encoding="UTF-8"?>
<beans xmlns="http://www.springframework.org/schema/beans"
       xmlns:xsi="http://www.w3.org/2001/XMLSchema-instance"
       xmlns:p="http://www.springframework.org/schema/p"
       xmlns:context="http://www.springframework.org/schema/context"
       xmlns:dubbo="http://code.alibabatech.com/schema/dubbo"
       xmlns:mvc="http://www.springframework.org/schema/mvc"
       xsi:schemaLocation="http://www.springframework.org/schema/beans
		 http://www.springframework.org/schema/beans/spring-beans.xsd
          http://www.springframework.org/schema/mvc
          http://www.springframework.org/schema/mvc/spring-mvc.xsd
          http://code.alibabatech.com/schema/dubbo
          http://code.alibabatech.com/schema/dubbo/dubbo.xsd
          http://www.springframework.org/schema/context
          http://www.springframework.org/schema/context/spring-context.xsd">

    <!--Jedis连接池的相关配置-->
    <bean id="jedisPoolConfig" class="redis.clients.jedis.JedisPoolConfig">
        <property name="maxTotal">
            <value>200</value>
        </property>
        <property name="maxIdle">
            <value>50</value>
        </property>
        <property name="testOnBorrow" value="true"/>
        <property name="testOnReturn" value="true"/>
    </bean>
    <bean id="jedisPool" class="redis.clients.jedis.JedisPool">
        <constructor-arg name="poolConfig" ref="jedisPoolConfig"/>
        <constructor-arg name="host" value="192.168.74.128"/>
        <constructor-arg name="port" value="6379" type="int"/>
        <constructor-arg name="password" value=""/>
        <constructor-arg name="timeout" value="30000" type="int"/>
    </bean>
    <!-- &lt;!&ndash;读取redis.properties配置文件&ndash;&gt;
       <context:property-placeholder location="classpath:redis.properties"/>
       &lt;!&ndash;Jedis连接池的相关配置&ndash;&gt;
       <bean id="jedisPoolConfig" class="redis.clients.jedis.JedisPoolConfig">
           <property name="maxTotal">
               <value>${redis.pool.maxActive}</value>
           </property>
           <property name="maxIdle">
               <value>${redis.pool.maxIdle}</value>
           </property>
           <property name="testOnBorrow" value="true"/>
           <property name="testOnReturn" value="true"/>
       </bean>

       <bean id="jedisPool" class="redis.clients.jedis.JedisPool">
           <constructor-arg name="poolConfig" ref="jedisPoolConfig"/>
           <constructor-arg name="host" value="${redis.host}"/>
           <constructor-arg name="port" value="${redis.port}" type="int"/>
           <constructor-arg name="timeout" value="${redis.timeout}" type="int"/>
       </bean>-->
</beans>