<?xml version="1.0" encoding="UTF-8"?>
<beans xmlns="http://www.springframework.org/schema/beans"
       xmlns:xsi="http://www.w3.org/2001/XMLSchema-instance"
       xmlns:p="http://www.springframework.org/schema/p"
       xmlns:context="http://www.springframework.org/schema/context"
       xmlns:dubbo="http://code.alibabatech.com/schema/dubbo"
       xmlns:mvc="http://www.springframework.org/schema/mvc"
       xsi:schemaLocation="http://www.springframework.org/schema/beans
                         http://www.springframework.org/schema/beans/spring-beans.xsd
        				http://www.springframework.org/schema/mvc
                          http://www.springframework.org/schema/mvc/spring-mvc.xsd
        				http://code.alibabatech.com/schema/dubbo
                          http://code.alibabatech.com/schema/dubbo/dubbo.xsd
        				http://www.springframework.org/schema/context
                          http://www.springframework.org/schema/context/spring-context.xsd">

    <!--Jedis连接池的相关配置-->
    <bean id="jedisPoolConfig" class="redis.clients.jedis.JedisPoolConfig">
        <!-- 连接池最大连接数 -->
        <property name="maxTotal">
            <value>200</value>
        </property>
        <property name="maxIdle">
            <value>50</value>
        </property>
        <!--
            testOnBorrow和testOnReturn这两个属性的设置是为了增强Redis连接池中连接的健壮性，
            通过在连接借出和归还时进行有效性检查，确保应用程序始终使用到的是有效的Redis连接，
            降低因连接问题引发的故障风险。
        -->
        <property name="testOnBorrow" value="true"/>
        <property name="testOnReturn" value="true"/>
    </bean>
    <!-- Jedis连接池的配置 -->
    <bean id="jedisPool" class="redis.clients.jedis.JedisPool">
        <constructor-arg name="poolConfig" ref="jedisPoolConfig"/>
        <constructor-arg name="host" value="127.0.0.1"/>
        <constructor-arg name="port" value="6379" type="int"/>
        <constructor-arg name="password" value=""/>
        <constructor-arg name="timeout" value="30000" type="int"/>
    </bean>
</beans>